E/B/M_five.obs.logOR.ratio,E/B/M_obs.wt,E/B/M_obs.mut,E/B/M_total.reads.per.junction,E/B/M_five.wt.cluster.cov,E/B/M_five.mut.cluster.cov,intron_junction,Tcells_five.obs.logOR.ratio,Tcells_obs.wt,Tcells_obs.mut,Tcells_total.reads.per.junction,Tcells_five.wt.cluster.cov,Tcells_five.mut.cluster.cov,PreB_five.obs.logOR.ratio,PreB_obs.wt,PreB_obs.mut,PreB_total.reads.per.junction,PreB_five.wt.cluster.cov,PreB_five.mut.cluster.cov,DC_five.obs.logOR.ratio,DC_obs.wt,DC_obs.mut,DC_total.reads.per.junction,DC_five.wt.cluster.cov,DC_five.mut.cluster.cov,HSPC_five.obs.logOR.ratio,HSPC_obs.wt,HSPC_obs.mut,HSPC_total.reads.per.junction,HSPC_five.wt.cluster.cov,HSPC_five.mut.cluster.cov,IMP_five.obs.logOR.ratio,IMP_obs.wt,IMP_obs.mut,IMP_total.reads.per.junction,IMP_five.wt.cluster.cov,IMP_five.mut.cluster.cov,Bcells_five.obs.logOR.ratio,Bcells_obs.wt,Bcells_obs.mut,Bcells_total.reads.per.junction,Bcells_five.wt.cluster.cov,Bcells_five.mut.cluster.cov,NP_five.obs.logOR.ratio,NP_obs.wt,NP_obs.mut,NP_total.reads.per.junction,NP_five.wt.cluster.cov,NP_five.mut.cluster.cov,Mat_Mono_five.obs.logOR.ratio,Mat_Mono_obs.wt,Mat_Mono_obs.mut,Mat_Mono_total.reads.per.junction,Mat_Mono_five.wt.cluster.cov,Mat_Mono_five.mut.cluster.cov,MonoDC_five.obs.logOR.ratio,MonoDC_obs.wt,MonoDC_obs.mut,MonoDC_total.reads.per.junction,MonoDC_five.wt.cluster.cov,MonoDC_five.mut.cluster.cov,MkP_five.obs.logOR.ratio,MkP_obs.wt,MkP_obs.mut,MkP_total.reads.per.junction,MkP_five.wt.cluster.cov,MkP_five.mut.cluster.cov,MEP_five.obs.logOR.ratio,MEP_obs.wt,MEP_obs.mut,MEP_total.reads.per.junction,MEP_five.wt.cluster.cov,MEP_five.mut.cluster.cov,EP_five.obs.logOR.ratio,EP_obs.wt,EP_obs.mut,EP_total.reads.per.junction,EP_five.wt.cluster.cov,EP_five.mut.cluster.cov,None_five.obs.logOR.ratio,None_obs.wt,None_obs.mut,None_total.reads.per.junction,None_five.wt.cluster.cov,None_five.mut.cluster.cov,chr,start,end,strand,five_prime,three_prime,five_prime_ID,three_prime_ID,obs.wt,obs.mut,total.reads.per.junction,None_pvalue,EP_pvalue,MEP_pvalue,MkP_pvalue,MonoDC_pvalue,Mat_Mono_pvalue,NP_pvalue,Bcells_pvalue,IMP_pvalue,HSPC_pvalue,DC_pvalue,PreB_pvalue,Tcells_pvalue,E/B/M_pvalue
NA,0,0,0,0,0,chr21:29133414:29149188:+,NA,0,0,0,0,0,NA,0,0,0,0,0,NA,0,0,0,0,3,NA,0,0,0,0,0,NA,0,0,0,0,0,NA,0,0,0,0,0,NA,0,0,0,0,0,NA,0,0,0,1,2,NA,0,0,0,0,0,NA,0,1,1,0,1,NA,0,2,2,0,2,NA,0,2,2,0,5,NA,0,1,1,0,3,chr21,29133414,29149188,+,29133414,29149188,clu_559,clu_558,0,6,6,NA,NA,NA,NA,NA,NA,NA,NA,NA,NA,NA,NA,NA,NA
NA,0,0,0,5,7,chr21:29092581:29149188:+,NA,0,1,1,3,2,NA,0,0,0,2,5,NA,0,0,0,6,76,NA,0,0,0,14,68,NA,0,0,0,47,234,NA,0,0,0,2,5,NA,0,0,0,15,82,NA,0,0,0,55,221,NA,0,1,1,18,97,NA,1,2,3,62,571,NA,0,4,4,307,2084,NA,1,12,13,702,9413,NA,0,1,1,31,1530,chr21,29092581,29149188,+,29092581,29149188,clu_553,clu_558,0,6,6,NA,NA,NA,NA,NA,NA,NA,NA,NA,NA,NA,NA,NA,NA
NA,4,5,9,4,5,chr21:29145707:29149188:+,NA,3,1,4,3,1,NA,2,5,7,2,5,NA,6,72,78,6,72,NA,12,66,78,12,67,NA,45,223,268,45,223,NA,2,4,6,2,4,NA,14,77,91,14,78,NA,52,202,254,52,202,NA,18,94,112,18,94,NA,58,541,599,58,542,NA,282,1985,2267,285,1988,NA,670,8962,9632,672,8984,NA,26,1457,1483,26,1463,chr21,29145707,29149188,+,29145707,29149188,clu_560,clu_558,1,4,5,NA,NA,NA,NA,NA,NA,NA,NA,NA,NA,NA,NA,NA,NA
NA,0,0,0,4,5,chr21:31659841:31667257:+,Inf,0,0,0,3,1,NA,0,0,0,2,5,NA,0,0,0,6,72,NA,0,1,1,12,67,NA,0,0,0,45,223,NA,0,0,0,2,4,NA,0,1,1,14,78,NA,0,0,0,52,202,Inf,0,0,0,18,94,-1.53985938939307,0,0,0,58,542,Inf,1,3,4,285,1988,-0.111156808755961,1,15,16,672,8984,Inf,0,3,3,26,1463,chr21,31659841,31667257,+,31659841,31667257,clu_621,clu_625,2,21,23,NA,NA,NA,NA,NA,NA,NA,NA,NA,NA,NA,NA,NA,NA
NA,5,7,12,5,7,chr21:31666518:31667257:+,-Inf,3,1,4,3,1,NA,2,5,7,2,5,NA,6,74,80,6,75,NA,14,68,82,14,69,NA,47,233,280,47,233,NA,2,4,6,2,5,NA,15,78,93,15,80,NA,53,216,269,53,217,-Inf,18,94,112,18,95,1.53985938939307,60,563,623,61,567,-Inf,302,2052,2354,305,2070,0.11115680875596,698,9296,9994,700,9365,-Inf,29,1517,1546,29,1525,chr21,31666518,31667257,+,31666518,31667257,clu_636,clu_625,1267,14374,15641,NA,NA,NA,NA,NA,NA,NA,NA,NA,NA,NA,NA,NA,NA
NA,0,0,0,0,0,chr21:31659841:31663789:+,NA,0,0,0,0,0,NA,0,0,0,0,0,NA,0,1,1,0,4,-Inf,0,3,3,0,6,NA,0,0,0,0,3,NA,0,2,2,0,2,-Inf,1,1,2,2,1,NA,9,12,21,18,30,NA,1,4,5,1,7,-Inf,3,7,10,4,15,1.95146712218318,1,10,11,3,28,0.195575710162706,1,36,37,2,83,-Inf,1,5,6,2,10,chr21,31659841,31663789,+,31659841,31663789,clu_621,clu_614,1194,13694,14888,NA,0.828991710082899,NA,NA,NA,NA,NA,NA,NA,NA,NA,NA,NA,NA
NA,0,0,0,0,0,chr21:31660708:31663789:+,NA,0,0,0,0,0,NA,0,0,0,0,0,NA,0,1,1,0,3,Inf,0,0,0,0,0,NA,0,0,0,0,0,NA,0,0,0,0,0,Inf,0,0,0,0,0,NA,0,0,0,1,2,NA,0,0,0,0,0,NA,0,0,0,0,1,-0.845787666291975,0,0,0,0,2,0.115289871955889,0,3,3,0,5,Inf,0,2,2,0,3,chr21,31660708,31663789,+,31660708,31663789,clu_625,clu_614,2,23,25,NA,0.915610843891561,NA,NA,NA,NA,NA,NA,NA,NA,NA,NA,NA,NA
NA,0,0,0,0,0,chr21:31659786:31663789:+,NA,0,0,0,0,0,NA,0,0,0,0,0,NA,0,1,1,0,1,NA,2,1,3,2,1,NA,2,7,9,2,7,NA,0,0,0,0,0,NA,0,1,1,0,1,NA,0,8,8,0,9,NA,0,1,1,0,1,Inf,1,16,17,1,16,-Inf,10,38,48,10,39,-0.647741743729693,20,208,228,20,211,Inf,2,36,38,2,36,chr21,31659786,31663789,+,31659786,31663789,clu_619,clu_614,3,11,14,NA,NA,NA,NA,NA,NA,NA,NA,NA,NA,NA,NA,NA,NA
NA,0,0,0,0,0,chr21:31663886:31666448:+,NA,0,0,0,0,0,NA,0,0,0,0,0,-Inf,0,0,0,0,1,-Inf,0,0,0,0,0,NA,0,0,0,0,0,-Inf,0,0,0,0,0,-Inf,0,0,0,0,0,-Inf,0,0,0,0,0,-Inf,0,0,0,0,0,0.852640704797699,0,0,0,0,1,0.124383719687736,0,1,1,0,1,-0.951838947707994,0,6,6,0,18,-Inf,0,2,2,0,6,chr21,31663886,31666448,+,31663886,31666448,clu_633,clu_622,1254,14208,15462,NA,0.15119848801512,0.86980130198698,NA,NA,0.000669993300067007,NA,NA,NA,NA,NA,NA,NA,NA
NA,0,0,0,0,0,chr21:31659841:31666448:+,NA,0,0,0,0,0,NA,0,0,0,0,0,Inf,0,3,3,0,4,Inf,0,3,3,0,6,NA,0,2,2,0,3,Inf,0,0,0,0,2,Inf,1,0,1,2,1,Inf,8,15,23,18,30,Inf,0,3,3,1,7,-0.852640704797699,1,8,9,4,15,-0.124383719687736,2,17,19,3,28,0.951838947707994,0,45,45,2,83,Inf,1,5,6,2,10,chr21,31659841,31666448,+,31659841,31666448,clu_621,clu_622,6,106,112,NA,0.15119848801512,0.869791302086979,NA,NA,0.000669993300067007,NA,NA,NA,NA,NA,NA,NA,NA
NA,0,0,0,0,0,chr21:29305322:29321220:+,NA,0,0,0,0,0,NA,0,0,0,0,0,NA,0,0,0,0,1,NA,0,0,0,2,1,NA,0,0,0,2,7,NA,0,0,0,0,0,Inf,0,0,0,0,1,-0.405465108108164,0,1,1,0,9,-Inf,0,0,0,0,1,-1.23214368129263,0,0,0,1,16,0.105360515657826,0,1,1,10,39,-0.266628663253949,0,3,3,20,211,0,0,0,0,2,36,chr21,29305322,29321220,+,29305322,29321220,clu_572,clu_563,17,81,98,NA,NA,NA,NA,NA,0.575154248457515,NA,NA,NA,NA,NA,NA,NA,NA
NA,0,0,0,0,0,chr21:29298953:29321220:+,NA,0,0,0,0,0,NA,0,0,0,0,0,NA,0,2,2,0,3,NA,0,0,0,0,0,NA,0,0,0,0,0,NA,0,0,0,0,0,-Inf,0,0,0,0,0,0.22314355131421,1,2,3,1,2,Inf,0,0,0,0,0,1.23214368129263,0,0,0,0,1,-0.2578291093021,0,0,0,0,2,Inf,0,0,0,0,5,0,0,0,0,0,3,chr21,29298953,29321220,+,29298953,29321220,clu_566,clu_563,13,101,114,NA,NA,NA,NA,NA,0.757252427475725,NA,NA,NA,NA,NA,NA,NA,NA
NA,0,0,0,0,0,chr21:29299598:29321220:+,NA,0,0,0,0,0,NA,0,0,0,0,0,NA,0,0,0,0,4,NA,0,0,0,0,6,NA,0,1,1,0,3,NA,0,0,0,0,2,NA,0,0,0,2,1,0.635988766719997,1,3,4,18,30,NA,0,0,0,1,7,NA,0,0,0,4,15,Inf,0,1,1,3,28,-3.70130197411249,1,2,3,2,83,NA,0,0,0,2,10,chr21,29299598,29321220,+,29299598,29321220,clu_567,clu_563,2,7,9,NA,NA,NA,NA,NA,NA,NA,NA,NA,NA,NA,NA,NA,NA
NA,0,0,0,5,7,chr21:31659841:31663794:+,NA,0,0,0,3,1,NA,0,0,0,2,5,NA,0,1,1,6,75,NA,0,1,1,14,69,NA,0,0,0,47,233,NA,0,1,1,2,5,NA,0,2,2,15,80,NA,0,1,1,53,217,NA,0,1,1,18,95,NA,1,4,5,61,567,-Inf,3,18,21,305,2070,-Inf,2,69,71,700,9365,NA,0,8,8,29,1525,chr21,31659841,31663794,+,31659841,31663794,clu_621,clu_615,37,317,354,NA,NA,NA,NA,NA,NA,NA,NA,NA,NA,NA,NA,NA,NA
NA,5,7,12,5,7,chr21:31659786:31663794:+,NA,3,1,4,3,2,NA,2,5,7,2,5,NA,6,76,82,6,76,NA,14,68,82,14,68,NA,47,234,281,47,234,NA,2,5,7,2,5,NA,15,82,97,15,82,NA,55,221,276,55,221,NA,18,96,114,18,97,NA,61,569,630,62,571,Inf,307,2080,2387,307,2084,Inf,701,9401,10102,702,9413,NA,31,1529,1560,31,1530,chr21,31659786,31663794,+,31659786,31663794,clu_619,clu_615,0,5,5,NA,NA,NA,NA,NA,NA,NA,NA,NA,NA,NA,NA,NA,NA
NA,0,0,0,4,5,chr21:29077713:29085812:+,NA,0,0,0,3,1,NA,0,0,0,2,5,NA,0,0,0,6,72,NA,0,0,0,12,67,NA,0,0,0,45,223,NA,0,0,0,2,4,NA,0,0,0,14,78,NA,0,0,0,52,202,NA,0,0,0,18,94,NA,0,1,1,58,542,NA,2,0,2,285,1988,NA,1,7,8,672,8984,NA,0,3,3,26,1463,chr21,29077713,29085812,+,29077713,29085812,clu_545,clu_544,0,9,9,NA,NA,NA,NA,NA,NA,NA,NA,NA,NA,NA,NA,NA,NA
NA,0,0,0,0,0,chr21:29085143:29085812:+,NA,0,0,0,0,0,NA,0,0,0,0,0,NA,0,0,0,0,1,NA,0,0,0,0,0,NA,0,0,0,0,0,NA,0,0,0,0,0,NA,0,0,0,0,0,NA,0,0,0,0,0,NA,0,0,0,0,0,NA,0,1,1,0,1,NA,0,0,0,0,1,NA,0,5,5,0,18,NA,0,1,1,0,6,chr21,29085143,29085812,+,29085143,29085812,clu_547,clu_544,0,7,7,NA,NA,NA,NA,NA,NA,NA,NA,NA,NA,NA,NA,NA,NA
NA,0,0,0,0,0,chr21:29076330:29085812:+,NA,0,0,0,0,0,NA,0,0,0,0,0,NA,0,1,1,0,1,NA,0,0,0,0,0,NA,0,0,0,0,0,NA,0,0,0,0,0,NA,0,0,0,0,0,NA,0,0,0,0,0,NA,0,0,0,0,0,NA,0,0,0,0,1,NA,0,0,0,0,1,NA,0,7,7,0,18,NA,0,3,3,0,6,chr21,29076330,29085812,+,29076330,29085812,clu_543,clu_544,0,11,11,NA,NA,NA,NA,NA,NA,NA,NA,NA,NA,NA,NA,NA,NA
NA,0,0,0,2,5,chr21:29069502:29073530:-,NA,0,0,0,2,0,NA,0,0,0,0,2,NA,0,0,0,6,43,Inf,0,1,1,23,52,NA,0,0,0,32,161,NA,0,0,0,3,3,NA,0,0,0,9,39,NA,0,0,0,39,119,NA,0,0,0,15,80,Inf,0,1,1,47,365,Inf,0,1,1,157,1320,Inf,0,2,2,330,4922,Inf,0,1,1,12,812,chr21,29069502,29073530,-,29073530,29069502,clu_538,clu_535,0,6,6,NA,NA,NA,NA,NA,NA,NA,NA,NA,NA,NA,NA,NA,NA
NA,0,0,0,0,1,chr21:29069502:29070246:-,NA,0,0,0,0,0,NA,0,0,0,0,0,NA,0,0,0,0,0,-Inf,0,0,0,0,0,NA,0,0,0,0,0,NA,0,0,0,0,0,NA,0,0,0,0,0,NA,0,0,0,0,1,NA,0,0,0,0,1,-Inf,0,0,0,0,0,-Inf,1,3,4,1,8,-Inf,1,11,12,3,28,-Inf,0,3,3,0,7,chr21,29069502,29070246,-,29070246,29069502,clu_528,clu_535,677,7917,8594,NA,NA,NA,NA,NA,NA,NA,NA,NA,NA,NA,NA,NA,NA
NA,0,0,0,0,0,chr21:32603288:32604120:-,NA,0,0,0,0,0,NA,0,0,0,0,0,NA,0,0,0,1,5,NA,0,0,0,3,3,NA,0,1,1,3,12,NA,0,0,0,0,0,NA,0,0,0,4,3,NA,0,0,0,1,8,NA,0,0,0,3,5,NA,0,1,1,4,21,-Inf,0,10,10,14,114,0.2578291093021,2,18,20,54,555,NA,0,10,10,3,80,chr21,32603288,32604120,-,32604120,32603288,clu_752,clu_762,2,17,19,NA,NA,NA,NA,NA,NA,NA,NA,NA,NA,NA,NA,NA,NA
NA,0,1,1,0,1,chr21:32603288:32604124:-,NA,0,0,0,0,0,NA,0,0,0,0,0,NA,0,0,0,0,0,NA,0,0,0,0,0,NA,0,0,0,0,0,NA,0,0,0,0,0,NA,0,0,0,0,0,NA,0,1,1,0,1,NA,0,1,1,0,1,NA,0,0,0,0,0,Inf,0,5,5,1,8,-0.2578291093021,2,17,19,3,28,NA,0,4,4,0,7,chr21,32603288,32604124,-,32604124,32603288,clu_753,clu_762,2,29,31,NA,NA,NA,NA,NA,NA,NA,NA,NA,NA,NA,NA,NA,NA
NA,0,1,1,0,1,chr21:32601973:32603160:-,NA,0,1,1,0,1,NA,0,0,0,0,0,NA,1,8,9,1,8,NA,3,4,7,3,4,Inf,3,24,27,3,25,NA,0,0,0,0,0,NA,4,6,10,5,7,NA,4,12,16,4,13,NA,3,8,11,3,8,Inf,7,35,42,7,35,Inf,25,186,211,25,190,-0.137529798591218,69,813,882,71,831,Inf,3,125,128,3,126,chr21,32601973,32603160,-,32603160,32601973,clu_750,clu_756,2,40,42,NA,0.88780112198878,NA,NA,NA,NA,NA,NA,NA,NA,NA,NA,NA,NA
NA,0,0,0,0,0,chr21:32601973:32602271:-,NA,0,0,0,0,0,NA,0,0,0,0,0,NA,0,0,0,0,0,NA,1,6,7,2,8,-Inf,0,2,2,0,3,NA,0,0,0,0,0,NA,0,0,0,0,0,NA,0,0,0,0,0,NA,0,0,0,0,0,-Inf,2,26,28,4,40,-Inf,0,1,1,0,1,0.137529798591218,0,1,1,0,1,-Inf,0,1,1,0,1,chr21,32601973,32602271,-,32602271,32601973,clu_748,clu_756,88,766,854,NA,0.88780112198878,NA,NA,NA,NA,NA,NA,NA,NA,NA,NA,NA,NA
NA,0,0,0,1,0,chr21:32607716:32609837:-,NA,0,0,0,0,0,NA,0,0,0,0,1,NA,0,0,0,0,3,NA,0,0,0,3,3,-Inf,0,1,1,5,21,NA,0,0,0,0,0,0.405465108108164,0,0,0,0,10,-Inf,0,1,1,3,10,NA,0,0,0,5,12,NA,0,1,1,8,55,-Inf,1,0,1,23,161,0.269400027614332,0,8,8,39,685,-Inf,0,1,1,0,122,chr21,32607716,32609837,-,32609837,32607716,clu_762,clu_766,122,1223,1345,NA,0.774782252177478,NA,NA,NA,NA,NA,NA,NA,NA,NA,NA,NA,NA
NA,0,0,0,2,5,chr21:32607716:32612104:-,NA,0,0,0,2,0,NA,0,0,0,0,2,NA,0,0,0,4,46,NA,0,0,0,24,52,NA,1,1,2,32,164,NA,0,0,0,3,3,Inf,0,0,0,9,41,Inf,0,0,0,38,120,NA,0,0,0,15,79,NA,0,3,3,48,358,Inf,0,11,11,157,1327,-0.52562244120743,1,24,25,334,5023,Inf,0,7,7,12,830,chr21,32607716,32612104,-,32612104,32607716,clu_769,clu_766,2,21,23,NA,0.751382486175138,NA,NA,NA,NA,NA,NA,NA,NA,NA,NA,NA,NA
NA,2,5,7,2,5,chr21:32607716:32609504:-,NA,2,0,2,2,0,NA,0,2,2,0,2,NA,4,46,50,4,46,NA,24,52,76,24,52,Inf,31,163,194,32,164,NA,3,3,6,3,3,-Inf,9,41,50,9,41,NA,38,120,158,38,120,NA,15,79,94,15,79,NA,48,355,403,48,358,NA,157,1316,1473,157,1327,Inf,333,4999,5332,334,5023,NA,12,823,835,12,830,chr21,32607716,32609504,-,32609504,32607716,clu_761,clu_766,1,5,6,NA,NA,NA,NA,NA,NA,NA,NA,NA,NA,NA,NA,NA,NA
NA,0,0,0,0,0,chr21:15370911:15390577:-,NA,0,1,1,0,1,NA,0,0,0,0,0,NA,1,8,9,1,8,1.09861228866811,3,4,7,3,4,NA,3,22,25,3,22,NA,0,0,0,0,0,NA,4,6,10,4,6,NA,2,12,14,2,12,NA,3,9,12,3,9,0.619039208406224,7,31,38,7,31,NA,21,178,199,21,181,NA,67,772,839,67,775,NA,3,116,119,3,116,chr21,15370911,15390577,-,15390577,15370911,clu_70,clu_74,3,37,40,NA,NA,NA,NA,NA,NA,NA,NA,NA,NA,NA,NA,NA,NA
NA,0,0,0,2,5,chr21:15370911:15385621:-,NA,0,0,0,2,0,NA,0,0,0,0,1,NA,0,0,0,6,43,Inf,0,0,0,23,51,NA,0,0,0,31,156,NA,0,0,0,3,3,NA,0,0,0,9,36,NA,0,0,0,37,116,NA,0,0,0,15,80,-1.09861228866811,0,1,1,47,355,NA,0,1,1,154,1298,NA,0,5,5,327,4843,NA,0,0,0,12,794,chr21,15370911,15385621,-,15385621,15370911,clu_67,clu_74,2,11,13,NA,NA,NA,NA,NA,NA,NA,NA,NA,NA,NA,NA,NA,NA
NA,0,0,0,2,5,chr21:15370911:15383028:-,NA,0,0,0,2,0,NA,0,0,0,0,2,NA,0,0,0,6,45,-1.94591014905531,0,0,0,23,53,NA,0,1,1,32,163,NA,0,0,0,3,3,NA,0,0,0,9,40,NA,0,0,0,39,119,NA,0,0,0,15,79,Inf,0,0,0,48,365,NA,0,2,2,157,1329,NA,0,5,5,333,4969,NA,0,0,0,12,822,chr21,15370911,15383028,-,15383028,15370911,clu_66,clu_74,1,6,7,NA,NA,NA,NA,NA,NA,NA,NA,NA,NA,NA,NA,NA,NA
NA,1,0,1,1,0,chr21:32269117:32270406:-,NA,0,0,0,0,0,NA,0,1,1,0,1,NA,0,3,3,0,3,NA,3,3,6,3,3,Inf,5,20,25,5,21,NA,0,0,0,0,0,NA,0,10,10,0,10,Inf,3,9,12,3,10,NA,5,12,17,5,12,Inf,8,54,62,8,55,-Inf,22,161,183,23,161,Inf,39,677,716,39,685,NA,0,121,121,0,122,chr21,32269117,32270406,-,32270406,32269117,clu_677,clu_678,1,12,13,NA,NA,NA,NA,NA,NA,NA,NA,NA,NA,NA,NA,NA,NA
NA,1,0,1,1,0,chr21:32269117:32269706:-,NA,0,0,0,0,0,NA,0,1,1,0,1,NA,0,3,3,0,3,NA,3,3,6,3,3,-Inf,6,20,26,6,20,NA,0,0,0,0,0,NA,1,10,11,1,10,-Inf,3,9,12,3,9,NA,5,12,17,5,12,-Inf,8,55,63,8,55,Inf,22,158,180,22,159,-Inf,40,685,725,40,689,NA,0,127,127,0,127,chr21,32269117,32269706,-,32269706,32269117,clu_675,clu_678,86,1071,1157,NA,NA,NA,NA,NA,NA,NA,NA,NA,NA,NA,NA,NA,NA
NA,1,0,1,1,0,chr21:29067071:29067551:-,NA,0,0,0,0,0,NA,1,0,1,1,0,NA,0,1,1,0,1,NA,0,1,1,0,1,-1.65976299632162,1,12,13,1,12,NA,0,1,1,0,1,NA,0,4,4,0,4,NA,7,13,20,7,14,NA,0,6,6,0,6,Inf,1,14,15,1,14,Inf,8,75,83,8,78,0.469203148914819,16,152,168,18,155,Inf,2,13,15,2,13,chr21,29067071,29067551,-,29067551,29067071,clu_516,clu_529,2,46,48,NA,0.585334146658533,NA,NA,NA,NA,NA,NA,NA,NA,NA,NA,NA,NA
NA,0,0,0,0,0,chr21:29067071:29067555:-,NA,0,0,0,0,0,NA,0,0,0,0,0,NA,0,0,0,0,0,NA,0,1,1,2,8,1.65976299632162,0,0,0,0,3,NA,0,0,0,0,0,NA,0,0,0,0,0,NA,0,0,0,0,0,NA,0,0,0,0,0,-Inf,2,10,12,4,40,-Inf,0,0,0,0,1,-0.469203148914819,0,0,0,0,1,-Inf,0,0,0,0,1,chr21,29067071,29067555,-,29067555,29067071,clu_517,clu_529,678,8004,8682,NA,0.585334146658533,NA,NA,NA,NA,NA,NA,NA,NA,NA,NA,NA,NA
NA,0,0,0,0,1,chr21:32603292:32604124:-,NA,0,0,0,0,1,NA,0,0,0,0,0,NA,0,0,0,1,8,NA,0,0,0,3,4,NA,0,0,0,3,25,NA,0,0,0,0,0,NA,0,1,1,5,7,NA,0,1,1,4,13,NA,0,0,0,3,8,NA,0,0,0,7,35,-Inf,0,4,4,25,190,-Inf,2,14,16,71,831,NA,0,1,1,3,126,chr21,32603292,32604124,-,32604124,32603292,clu_753,clu_763,114,1159,1273,NA,NA,NA,NA,NA,NA,NA,NA,NA,NA,NA,NA,NA,NA
NA,0,0,0,0,0,chr21:32603292:32604120:-,NA,0,0,0,0,1,NA,0,0,0,0,0,NA,0,0,0,1,8,NA,0,0,0,3,4,NA,0,0,0,3,22,NA,0,0,0,0,0,NA,0,0,0,4,6,NA,0,0,0,2,12,NA,0,0,0,3,9,NA,0,0,0,7,31,Inf,0,3,3,21,181,Inf,0,3,3,67,775,NA,0,0,0,3,116,chr21,32603292,32604120,-,32604120,32603292,clu_752,clu_763,0,6,6,NA,NA,NA,NA,NA,NA,NA,NA,NA,NA,NA,NA,NA,NA
NA,0,0,0,2,5,chr21:29070337:29073389:-,NA,0,0,0,2,0,NA,0,0,0,0,1,NA,0,1,1,6,43,NA,0,0,0,23,51,NA,0,0,0,31,156,NA,0,0,0,3,3,NA,0,0,0,9,36,NA,0,0,0,37,116,NA,0,0,0,15,80,Inf,0,2,2,47,355,Inf,0,2,2,154,1298,Inf,1,13,14,327,4843,NA,0,1,1,12,794,chr21,29070337,29073389,-,29073389,29070337,clu_536,clu_539,0,7,7,NA,NA,NA,NA,NA,NA,NA,NA,NA,NA,NA,NA,NA,NA
NA,0,0,0,0,0,chr21:29070337:29071951:-,NA,0,0,0,0,0,NA,0,0,0,0,0,Inf,0,0,0,0,0,NA,1,1,2,2,8,NA,0,1,1,0,3,NA,0,0,0,0,0,NA,0,0,0,0,0,NA,0,0,0,0,0,NA,0,0,0,0,0,Inf,0,4,4,4,40,Inf,0,0,0,0,1,-0.130755007818374,0,0,0,0,1,Inf,0,0,0,0,1,chr21,29070337,29071951,-,29071951,29070337,clu_531,clu_539,1,19,20,NA,NA,NA,NA,NA,NA,NA,NA,NA,NA,NA,NA,NA,NA
NA,0,0,0,2,5,chr21:29070337:29073505:-,NA,0,0,0,2,0,NA,0,0,0,0,1,NA,0,0,0,6,43,Inf,0,1,1,23,51,-0.942608040191528,1,2,3,31,156,NA,0,0,0,3,3,NA,0,0,0,9,36,Inf,0,1,1,37,116,NA,0,0,0,15,80,-2.04065551664468,1,1,2,47,355,-0.262831299581452,2,13,15,154,1298,0.527789208038307,2,50,52,327,4843,Inf,0,4,4,12,794,chr21,29070337,29073505,-,29073505,29070337,clu_537,clu_539,6,72,78,NA,0.457815421845782,0.781262187378126,NA,NA,0.00615993840061602,NA,NA,NA,NA,NA,NA,NA,NA
NA,2,5,7,2,5,chr21:29070337:29073530:-,NA,2,0,2,2,0,NA,0,1,1,0,1,-Inf,6,42,48,6,43,-Inf,23,50,73,23,51,0.942608040191529,30,154,184,31,156,NA,3,3,6,3,3,NA,9,36,45,9,36,-Inf,37,115,152,37,116,NA,15,80,95,15,80,0.64585046585688,46,351,397,47,355,0.052854574954503,152,1282,1434,154,1298,-0.430489679385496,324,4775,5099,327,4843,-Inf,12,789,801,12,794,chr21,29070337,29073530,-,29073530,29070337,clu_538,clu_539,661,7683,8344,NA,0.478965210347897,0.945370546294537,NA,NA,0.000849991500085023,NA,NA,NA,NA,NA,NA,NA,NA
NA,0,0,0,0,0,chr21:29067705:29073530:-,NA,0,0,0,0,0,NA,0,0,0,0,0,NA,1,5,6,1,5,NA,3,3,6,3,3,Inf,3,11,14,3,12,NA,0,0,0,0,0,NA,4,3,7,4,3,NA,1,8,9,1,8,NA,3,5,8,3,5,NA,4,20,24,4,21,Inf,14,104,118,14,114,Inf,52,537,589,54,555,NA,3,70,73,3,80,chr21,29067705,29073530,-,29073530,29067705,clu_538,clu_532,0,8,8,NA,NA,NA,NA,NA,NA,NA,NA,NA,NA,NA,NA,NA,NA
NA,0,0,0,0,1,chr21:29067705:29069422:-,NA,0,0,0,0,1,NA,0,0,0,0,0,NA,0,0,0,1,8,NA,0,0,0,3,4,-Inf,0,1,1,3,25,NA,0,0,0,0,0,NA,1,0,1,5,7,NA,0,0,0,4,13,NA,0,0,0,3,8,NA,0,0,0,7,35,-Inf,0,0,0,25,190,-Inf,0,4,4,71,831,NA,0,0,0,3,126,chr21,29067705,29069422,-,29069422,29067705,clu_526,clu_532,681,7986,8667,NA,NA,NA,NA,NA,NA,NA,NA,NA,NA,NA,NA,NA,NA
NA,2,5,7,2,5,chr21:32269803:32270406:-,NA,2,0,2,2,0,NA,0,2,2,0,2,NA,6,43,49,6,43,NA,23,51,74,23,52,NA,32,161,193,32,161,NA,3,3,6,3,3,NA,9,39,48,9,39,NA,39,119,158,39,119,NA,15,80,95,15,80,NA,47,364,411,47,365,-Inf,157,1319,1476,157,1320,-Inf,330,4920,5250,330,4922,NA,12,811,823,12,812,chr21,32269803,32270406,-,32270406,32269803,clu_677,clu_681,89,1083,1172,NA,NA,NA,NA,NA,NA,NA,NA,NA,NA,NA,NA,NA,NA
NA,0,0,0,1,0,chr21:32269803:32274829:-,NA,0,0,0,0,0,NA,0,0,0,1,0,NA,0,0,0,0,1,NA,0,0,0,0,1,NA,0,0,0,1,12,NA,0,0,0,0,1,NA,0,0,0,0,4,NA,0,1,1,7,14,NA,0,0,0,0,6,NA,0,0,0,1,14,Inf,0,3,3,8,78,Inf,2,3,5,18,155,NA,0,0,0,2,13,chr21,32269803,32274829,-,32274829,32269803,clu_680,clu_681,0,5,5,NA,NA,NA,NA,NA,NA,NA,NA,NA,NA,NA,NA,NA,NA
NA,0,0,0,1,0,chr21:14521221:14546204:-,NA,0,0,0,0,0,NA,0,0,0,0,1,NA,0,0,0,0,3,NA,0,0,0,3,3,NA,0,0,0,6,20,NA,0,0,0,0,0,NA,0,0,0,1,10,-Inf,0,0,0,3,9,NA,0,0,0,5,12,NA,0,0,0,8,55,-Inf,0,1,1,22,159,1.84582669049833,0,4,4,40,689,NA,0,0,0,0,127,chr21,14521221,14546204,-,14546204,14521221,clu_48,clu_53,37,292,329,NA,NA,NA,NA,NA,NA,NA,NA,NA,NA,NA,NA,NA,NA
NA,2,5,7,2,5,chr21:14521221:14525125:-,NA,2,0,2,2,0,NA,0,2,2,0,2,NA,6,45,51,6,45,NA,23,53,76,23,53,NA,32,162,194,32,163,NA,3,3,6,3,3,NA,9,40,49,9,40,Inf,39,119,158,39,119,NA,15,79,94,15,79,NA,48,365,413,48,365,Inf,157,1327,1484,157,1329,-1.84582669049833,333,4964,5297,333,4969,NA,12,822,834,12,822,chr21,14521221,14525125,-,14525125,14521221,clu_45,clu_53,2,7,9,NA,NA,NA,NA,NA,NA,NA,NA,NA,NA,NA,NA,NA,NA
